pft,R_Koh_ha_yr,R_no_mort_adjust_ha_yr
LD_DI,10.689455744291415,8.847718057159199
LD_DT,10.528262576609691,6.310810512831223
ST_DI,23.032703074764697,20.74568758784716
ST_DT,26.184396277920108,22.78416465649908
