"","pft","int","a","m","r","ra","n_dead"
"1","LD_DI",4,98.2714285714286,0.06113325705539,24.1542857142857,25.7158699468201,6.00751185007297
"2","LD_DT",4,166.105714285714,0.083581017307127,17.2142857142857,19.6227154679914,13.9704937368034
"3","ST_DI",4,171.551428571429,0.0341633529777454,46.2342857142857,48.0549639268483,5.70414562178938
"4","ST_DT",4,368.668571428571,0.0437926611598985,84.1171428571429,88.0164451718828,16.1479513785373
