"","pft","int","a","m","r","ra","n_dead"
"1","LD_DI",4,148.882857142857,0.0710823083982661,41.7657142857143,44.5277006267014,10.5825639129438
"2","LD_DT",4,908.288571428571,0.0845728208913736,25.2885714285714,28.3147887744964,77.3242117624221
"3","ST_DI",4,913.688571428571,0.0358800747734618,110.288571428571,115.732298151633,32.2750580090774
"4","ST_DT",4,1327.30285714286,0.0436247700435916,190.491428571429,198.899756520395,57.0838177002114
